Datum;Km-Stand;Teil-Km;Spritmenge;Kosten;Währung;Tankart;Reifen;Strecken;Fahrweise;Kraftstoff;Bemerkung;Verbrauch;BC-Verbrauch;BC-Spritmenge;BC-Geschwindigkeit;Tankstelle;Land;Großraum;Ort
15.06.2016;231505,00;654,80;43,52;47,72;"EUR";1;2;10;3;1;"";6,65;6,40;0,00;79,00;"";"";"";""
09.06.2016;230850,00;723,60;45,77;48,47;"EUR";1;2;10;3;1;"";6,33;6,20;0,00;85,00;"";"";"";""
05.06.2016;230126,00;698,00;43,72;46,74;"EUR";1;2;10;3;1;"";6,26;6,10;0,00;74,00;"";"";"";""
29.05.2016;229428,00;643,30;45,15;47,81;"EUR";1;2;10;3;1;"";7,02;6,70;0,00;70,00;"";"";"";""
20.05.2016;228784,00;626,90;39,42;42,53;"EUR";1;2;10;3;1;"";6,29;6,40;0,00;87,00;"";"";"";""
15.05.2016;228158,00;740,90;46,20;48,00;"EUR";1;2;10;3;1;"";6,24;6,00;0,00;77,00;"";"";"";""
08.05.2016;227470,00;634,00;42,43;44,08;"EUR";1;2;10;3;1;"";6,69;6,30;0,00;82,00;"";"";"";""
29.04.2016;226783,00;661,10;43,06;46,46;"EUR";1;2;10;3;1;"";6,51;6,50;0,00;80,00;"";"";"";""
24.04.2016;226121,00;701,00;41,77;42,56;"EUR";1;2;10;3;1;"";5,96;0,00;0,00;0,00;"";"";"";""
17.04.2016;225420,00;717,40;42,13;43,35;"EUR";1;2;10;3;1;"";5,87;5,50;0,00;77,00;"";"";"";""
11.04.2016;224703,00;675,30;40,81;40,36;"EUR";1;2;10;3;1;"";6,04;6,00;0,00;89,00;"";"";"";""
05.04.2016;224027,00;694,70;41,64;39,54;"EUR";1;2;10;3;1;"";5,99;5,70;0,00;89,00;"";"";"";""
31.03.2016;223333,00;630,00;41,04;39,36;"EUR";1;2;10;3;1;"";6,51;6,50;0,00;84,00;"";"";"";""
23.03.2016;222703,00;721,60;44,28;42,91;"EUR";1;2;10;3;1;"";6,14;6,20;0,00;85,00;"";"";"";""
17.03.2016;221981,00;618,30;42,15;41,69;"EUR";1;2;10;3;1;"";6,82;6,70;0,00;90,00;"";"";"";""
13.03.2016;221363,00;568,10;40,80;40,35;"EUR";1;2;10;3;1;"";7,18;7,20;0,00;93,00;"";"";"";""
10.03.2016;220794,00;661,90;40,83;50,59;"EUR";1;2;10;3;1;"";6,17;5,90;0,00;72,00;"";"";"";""
04.03.2016;220132,00;644,30;41,43;40,97;"EUR";1;2;10;3;1;"";6,43;6,40;0,00;84,00;"";"";"";""
26.02.2016;219488,00;669,50;44,15;41,90;"EUR";1;2;10;3;1;"";6,59;6,70;0,00;88,00;"";"";"";""
21.02.2016;218818,00;604,80;41,92;39,36;"EUR";1;2;10;3;1;"";6,93;6,50;0,00;83,00;"";"";"";""
15.02.2016;218214,00;655,20;40,30;37,44;"EUR";1;2;10;3;1;"";6,15;6,10;0,00;81,00;"";"";"";""
09.02.2016;217558,00;686,60;44,51;44,02;"EUR";1;2;10;3;1;"";6,48;6,30;0,00;76,00;"";"";"";""
01.02.2016;216872,00;681,90;42,58;39,56;"EUR";1;2;10;3;1;"";6,24;6,70;0,00;91,00;"";"";"";""
28.01.2016;21690,00;513,00;35,30;32,79;"EUR";1;2;10;3;1;"";6,88;6,70;0,00;81,00;"";"";"";""
24.01.2016;215677,00;544,50;37,70;33,52;"EUR";1;2;10;3;1;"";6,92;6,50;0,00;78,00;"";"";"";""
19.01.2016;215133,00;561,00;37,27;34,25;"EUR";1;2;10;3;1;"";6,64;6,70;0,00;92,00;"";"";"";""
14.01.2016;214572,00;563,70;36,62;34,39;"EUR";1;2;10;3;1;"";6,50;6,80;0,00;91,00;"";"";"";""
07.01.2016;214008,00;710,00;45,69;44,73;"EUR";1;2;10;3;1;"";6,44;6,30;0,00;91,00;"";"";"";""
25.12.2015;213298,00;476,00;31,08;30,12;"EUR";1;2;10;3;1;"";6,53;6,70;0,00;76,00;"";"";"";""
20.12.2015;212822,00;585,00;38,87;37,67;"EUR";1;2;10;3;1;"";6,64;6,20;0,00;88,00;"";"";"";""
13.12.2015;212236,00;458,70;28,65;28,33;"EUR";1;2;10;3;1;"";6,25;6,50;0,00;84,00;"";"";"";""
06.12.2015;211778,00;523,50;35,84;36,88;"EUR";1;2;10;3;1;"";6,85;6,40;0,00;92,00;"";"";"";""
01.12.2015;211254,00;716,00;42,91;47,16;"EUR";1;2;10;3;1;"";5,99;6,10;0,00;77,00;"";"";"";""
22.11.2015;210538,00;600,90;38,30;40,56;"EUR";1;2;10;3;1;"";6,37;0,00;0,00;92,00;"";"";"";""
20.11.2015;209937,00;751,80;43,20;47,91;"EUR";1;2;10;3;1;"";5,75;5,90;0,00;79,00;"";"";"";""
15.11.2015;209185,00;766,40;46,42;51,48;"EUR";1;2;10;3;1;"";6,06;5,70;0,00;77,00;"";"";"";""
06.11.2015;208418,00;758,30;43,75;50,27;"EUR";1;2;10;3;1;"";5,77;5,80;0,00;83,00;"";"";"";""
30.10.2015;207660,00;769,10;43,72;48,49;"EUR";1;2;10;3;1;"";5,68;5,60;0,00;89,00;"";"";"";""
25.10.2015;206890,00;715,80;44,87;50,21;"EUR";1;2;10;3;1;"";6,27;5,90;0,00;81,00;"";"";"";""
18.10.2015;206174,00;759,70;44,61;49,03;"EUR";1;2;10;2;1;"";5,87;5,70;0,00;81,00;"";"";"";""
11.10.2015;205415,00;662,00;38,35;42,15;"EUR";1;2;10;2;1;"";5,79;5,80;0,00;80,00;"";"";"";""
05.10.2015;204752,00;762,40;44,88;52,46;"EUR";1;2;10;2;1;"";5,89;5,60;0,00;81,00;"";"";"";""
26.09.2015;203989,00;805,60;45,45;49,04;"EUR";1;2;10;2;1;"";5,64;5,50;0,00;67,00;"";"";"";""
04.09.2015;203183,00;769,30;45,91;50,46;"EUR";1;2;10;3;1;"";5,97;5,70;0,00;82,00;"";"";"";""
26.08.2015;202414,00;761,50;43,62;46,63;"EUR";1;2;10;3;1;"";5,73;0,00;0,00;0,00;"";"";"";""
18.08.2015;201653,00;799,30;45,19;50,57;"EUR";1;2;10;3;1;"";5,65;5,40;0,00;80,00;"";"";"";""
08.08.2015;200853,00;602,00;34,15;37,19;"EUR";1;2;10;3;1;"";5,67;5,60;0,00;78,00;"";"";"";""
02.08.2015;200251,00;700,20;40,77;45,21;"EUR";1;2;10;3;1;"";5,82;5,50;0,00;87,00;"";"";"";""
02.08.2015;200251,00;700,20;40,77;45,21;"EUR";1;2;10;3;1;"";5,82;5,50;0,00;87,00;"";"";"";""
28.07.2015;199551,00;746,50;40,92;46,61;"EUR";1;2;10;3;1;"";5,48;5,10;0,00;83,00;"";"";"";""
23.07.2015;198804,00;780,70;42,84;48,79;"EUR";1;2;10;3;1;"";5,49;5,40;0,00;86,00;"";"";"";""
16.07.2015;198024,00;788,30;45,02;52,18;"EUR";1;2;10;3;1;"";5,71;5,50;0,00;76,00;"";"";"";""
08.07.2015;197235,00;739,00;43,16;50,02;"EUR";1;2;10;3;1;"";5,84;5,80;0,00;78,00;"";"";"";""
02.07.2015;196496,00;737,60;44,82;54,64;"EUR";1;2;10;3;1;"";6,08;5,70;0,00;79,00;"";"";"";""
24.06.2015;195759,00;705,00;40,92;48,24;"EUR";1;2;10;3;1;"";5,80;5,70;0,00;76,00;"";"";"";""
17.06.2015;195053,00;740,00;41,55;50,23;"EUR";1;2;10;3;1;"";5,61;5,40;0,00;72,00;"";"";"";""
09.06.2015;194313,00;706,90;40,39;46,81;"EUR";1;2;10;3;1;"";5,71;5,60;0,00;71,00;"";"";"";""
31.05.2015;193606,00;723,60;43,46;52,98;"EUR";1;2;10;3;1;"";6,01;5,90;0,00;89,00;"";"";"";""
26.05.2015;192822,00;790,60;43,58;54,87;"EUR";1;2;10;3;1;"";5,51;5,40;0,00;73,00;"";"";"";""
13.05.2015;192091,00;758,00;43,94;51,81;"EUR";1;2;10;3;1;"";5,80;0,00;0,00;0,00;"";"";"";""
05.05.2015;191333,00;820,00;42,47;50,07;"EUR";1;2;10;3;1;"";5,18;5,00;0,00;65,00;"";"";"";""
25.04.2015;190513,00;545,50;25,82;30,83;"EUR";1;2;10;3;1;"";4,73;4,80;0,00;68,00;"";"";"";""
22.04.2015;189967,00;481,70;29,61;36,98;"EUR";1;2;10;3;1;"";6,15;0,00;0,00;0,00;"";"";"";""
08.04.2015;189486,00;743,00;43,85;50,82;"EUR";1;2;10;3;1;"";5,90;5,80;0,00;68,00;"";"";"";""
25.03.2015;188743,00;692,00;42,64;49,64;"EUR";1;2;10;3;1;"";6,16;6,10;0,00;60,00;"";"";"";""
13.03.2015;188051,00;719,40;41,87;49,36;"EUR";1;2;10;3;1;"";5,82;5,70;0,00;70,00;"";"";"";""
02.03.2015;187331,00;728,00;41,55;48,99;"EUR";1;2;10;3;1;"";5,71;5,90;0,00;72,00;"";"";"";""
19.02.2015;186603,00;722,00;44,19;52,54;"EUR";1;2;10;3;1;"";6,12;5,90;0,00;70,00;"";"";"";""
08.02.2015;185881,00;630,00;38,73;42,56;"EUR";1;2;10;3;1;"";6,15;6,20;0,00;68,00;"";"";"";""
29.01.2015;185251,00;773,00;44,40;46,58;"EUR";1;1;10;2;1;"";5,74;5,70;0,00;62,00;"";"";"";""
16.01.2015;184478,00;671,30;43,68;47,13;"EUR";1;1;10;2;1;"";6,51;6,30;0,00;67,00;"";"";"";""
06.01.2015;183806,00;713,50;43,30;47,15;"EUR";1;1;10;2;1;"";6,07;6,10;0,00;77,00;"";"";"";""
20.12.2014;183093,00;729,10;41,00;46,70;"EUR";1;1;10;2;1;"";5,62;5,80;0,00;62,00;"";"";"";""
09.12.2014;182363,00;708,70;42,52;49,71;"EUR";1;1;10;2;1;"";6,00;5,50;0,00;64,00;"";"";"";""
30.11.2014;181655,00;637,70;40,43;48,48;"EUR";1;1;10;2;1;"";6,34;6,40;0,00;118,00;"";"";"";""
28.11.2014;181017,00;583,30;32,60;47,96;"EUR";1;1;10;2;1;"";5,59;5,70;0,00;73,00;"";"";"";""
23.11.2014;180433,00;762,50;45,27;58,35;"EUR";1;1;10;2;1;"";5,94;5,50;0,00;59,00;"";"";"";""
10.11.2014;179671,00;792,50;40,65;49,96;"EUR";1;1;10;2;1;"";5,13;5,10;0,00;59,00;"";"";"";""
26.10.2014;178878,00;681,80;38,56;48,16;"EUR";1;1;10;2;1;"";5,66;5,56;0,00;0,00;"";"";"";""
17.10.2014;178196,00;768,90;41,62;52,82;"EUR";1;1;10;2;1;"";5,41;5,30;0,00;57,00;"";"";"";""
05.10.2014;177428,00;817,00;43,78;56,87;"EUR";1;1;10;2;1;"";5,36;5,20;0,00;69,00;"";"";"";""
14.09.2014;176610,00;588,30;34,93;45,02;"EUR";1;1;10;2;1;"";5,94;5,80;0,00;74,00;"";"";"";""
31.08.2014;176022,00;589,70;34,40;45,37;"EUR";1;1;10;2;1;"";5,83;5,40;0,00;71,00;"";"";"";""
21.08.2014;175432,00;760,30;40,74;52,92;"EUR";1;1;10;2;1;"";5,36;5,60;0,00;71,00;"";"";"";""
10.08.2014;174672,00;759,10;41,64;54,92;"EUR";1;1;10;2;1;"";5,49;5,30;0,00;65,00;"";"";"";""
29.07.2014;173913,00;700,10;41,00;54,08;"EUR";1;1;10;1;1;"";5,86;5,90;0,00;55,00;"";"";"";""
16.07.2014;173213,00;792,60;44,39;58,55;"EUR";1;1;10;1;1;"";5,60;5,40;0,00;53,00;"";"";"";""
28.06.2014;172420,00;723,00;42,33;56,68;"EUR";1;1;10;1;1;"Urlaubsende";5,85;5,70;0,00;97,00;"";"";"";""
27.06.2014;171697,00;541,50;30,57;39,37;"EUR";1;1;10;1;1;"";5,65;5,20;0,00;58,00;"";"";"";""
24.06.2014;171155,00;824,90;42,02;62,19;"EUR";1;1;10;1;1;"";5,09;5,00;0,00;64,00;"";"";"";""
20.06.2014;170330,00;661,00;36,45;51,03;"EUR";1;1;10;1;1;"";5,51;5,10;0,00;58,00;"";"";"";""
16.06.2014;169669,00;369,30;19,72;25,81;"EUR";1;1;10;2;1;"";5,34;0,00;0,00;0,00;"";"";"";""
08.06.2014;169299,00;463,00;26,23;37,25;"EUR";1;1;10;2;1;"";5,67;5,50;0,00;77,00;"";"";"";""
07.06.2014;168836,00;643,80;40,00;50,90;"EUR";1;1;10;2;1;"";6,21;5,90;0,00;84,00;"";"";"";""
04.06.2014;168192,00;719,30;42,83;57,35;"EUR";1;1;10;2;1;"";5,95;6,00;0,00;48,00;"";"";"";""
19.05.2014;167473,00;742,00;44,55;58,32;"EUR";1;1;10;2;1;"";6,00;5,90;0,00;65,00;"";"";"";""
10.05.2014;166731,00;722,30;45,50;61,38;"EUR";1;1;10;2;1;"";6,30;6,00;0,00;63,00;"";"";"";""
28.04.2014;166009,00;775,00;45,41;60,80;"EUR";1;1;10;2;1;"";5,86;5,60;0,00;61,00;"";"";"";""
17.04.2014;165234,00;765,30;42,66;57,12;"EUR";1;2;10;3;1;"";5,57;5,70;0,00;71,00;"";"";"";""
06.04.2014;164468,00;736,00;43,78;55,99;"EUR";1;2;10;3;1;"";5,95;5,70;0,00;66,00;"";"";"";""
23.03.2014;163732,00;720,40;42,79;56,01;"EUR";1;2;10;3;1;"";5,94;5,70;0,00;66,00;"";"";"";""
12.03.2014;163012,00;745,00;42,59;57,03;"EUR";1;2;10;3;1;"";5,72;5,70;0,00;76,00;"";"";"";""
28.02.2014;162267,00;619,20;40,18;54,20;"EUR";1;2;10;3;1;"";6,49;5,40;0,00;66,00;"";"";"";""
20.02.2014;161647,00;775,10;43,98;58,89;"EUR";1;2;10;3;1;"";5,67;5,70;0,00;69,00;"";"";"";""
09.02.2014;160872,00;731,10;42,86;56,53;"EUR";1;2;10;3;1;"";5,86;5,80;0,00;64,00;"";"";"";""
21.01.2014;160141,00;685,00;42,40;55,93;"EUR";1;2;10;3;1;"";6,19;6,70;0,00;67,00;"";"";"";""
11.01.2014;159456,00;681,90;39,08;53,89;"EUR";1;2;10;3;1;"";5,73;5,90;0,00;79,00;"";"";"";""
01.01.2014;158774,00;621,60;40,41;54,11;"EUR";1;2;10;3;1;"";6,50;6,20;0,00;80,00;"";"";"";""
19.12.2013;158152,00;627,20;38,74;51,49;"EUR";1;2;10;3;1;"";6,18;6,20;0,00;67,00;"";"";"";""
08.12.2013;157525,00;721,70;40,86;54,71;"EUR";1;2;10;3;1;"";5,66;5,60;0,00;72,00;"";"";"";""
28.11.2013;156803,00;721,90;41,83;56,01;"EUR";1;2;10;3;1;"";5,79;5,80;0,00;63,00;"";"";"";""
17.11.2013;156081,00;768,40;42,96;56,66;"EUR";1;2;10;2;1;"DPF freigebrannt";5,59;5,60;0,00;56,00;"";"";"";""
03.11.2013;155313,00;714,70;44,47;61,77;"EUR";1;1;10;2;1;"";6,22;5,90;0,00;68,00;"";"";"";""
24.10.2013;154598,00;770,90;43,80;59,09;"EUR";1;1;10;2;1;"";5,68;5,70;0,00;62,00;"";"";"";""
11.10.2013;153827,00;686,50;40,78;55,83;"EUR";1;1;10;2;1;"";5,94;5,90;0,00;56,00;"";"";"";""
29.09.2013;153141,00;708,70;41,85;58,55;"EUR";1;1;10;2;1;"";5,91;5,70;0,00;64,00;"";"";"";""
18.09.2013;152430,00;701,90;40,55;56,73;"EUR";1;1;10;2;1;"";5,78;5,60;0,00;55,00;"";"";"";""
08.09.2013;151728,00;760,00;44,63;66,01;"EUR";1;1;10;2;1;"";5,87;5,70;0,00;65,00;"";"";"";""
18.08.2013;150968,00;638,60;40,20;54,23;"EUR";1;1;10;2;1;"";6,30;5,80;0,00;67,00;"";"";"";""
08.08.2013;150329,00;721,90;43,41;60,73;"EUR";1;1;10;2;1;"";6,01;5,90;0,00;66,00;"";"";"";""
25.07.2013;149607,00;730,20;44,40;62,12;"EUR";1;1;10;2;1;"";6,08;6,00;0,00;67,00;"";"";"";""
12.07.2013;148877,00;732,60;44,08;0,00;"EUR";1;1;10;2;1;"";6,02;5,70;0,00;67,00;"";"";"";""
29.06.2013;148144,00;385,70;23,77;32,87;"EUR";1;1;10;2;1;"";6,16;5,80;0,00;95,00;"";"";"";""
28.06.2013;147758,00;672,90;42,68;0,00;"EUR";1;1;10;2;1;"";6,34;6,10;0,00;77,00;"";"";"";""
27.06.2013;147085,00;729,80;43,44;0,00;"EUR";1;1;10;2;1;"";5,95;5,80;0,00;66,00;"";"";"";""
24.06.2013;146355,00;671,60;38,75;54,64;"EUR";1;1;10;2;1;"";5,77;5,50;0,00;65,00;"";"";"";""
18.06.2013;145684,00;565,00;36,32;48,12;"EUR";1;1;10;2;1;"";6,43;6,10;0,00;96,00;"";"";"";""
16.06.2013;145119,00;733,40;45,25;61,49;"EUR";1;1;10;3;1;"";6,17;5,90;0,00;64,00;"";"";"";""
26.05.2013;144385,00;662,20;39,97;53,92;"EUR";1;2;10;3;1;"";6,04;5,80;0,00;72,00;"";"";"";""
16.05.2013;143723,00;710,00;41,40;57,50;"EUR";1;2;10;3;1;"";5,83;5,90;0,00;71,00;"";"F";"";""
03.05.2013;143012,00;694,80;41,69;56,24;"EUR";1;2;10;3;1;"";6,00;5,80;0,00;62,00;"";"F";"";""
21.04.2013;142317,00;561,10;31,83;42,68;"EUR";1;2;10;3;1;"";5,67;5,70;0,00;73,00;"";"F";"";""
14.04.2013;141756,00;721,90;43,46;62,10;"EUR";1;2;10;3;1;"";6,02;5,80;0,00;71,00;"";"F";"";""
02.04.2013;141034,00;692,90;42,46;58,55;"EUR";1;2;10;3;1;"";6,13;6,30;0,00;81,00;"";"F";"";""
23.03.2013;140341,00;723,60;43,44;59,90;"EUR";1;2;10;3;1;"";6,00;6,00;0,00;70,00;"";"F";"";""
13.03.2013;139618,00;517,10;32,32;44,25;"EUR";1;2;10;3;1;"";6,25;5,90;0,00;65,00;"";"F";"";""
05.03.2013;139100,00;689,00;40,53;66,79;"EUR";1;2;10;3;1;"";5,88;6,10;0,00;73,00;"";"F";"";""
24.02.2013;138411,00;635,60;40,48;57,44;"EUR";1;2;10;3;1;"";6,37;6,10;0,00;75,00;"";"F";"";""
13.02.2013;137776,00;670,10;42,55;59,95;"EUR";1;2;10;3;1;"";6,35;6,30;0,00;66,00;"";"F";"";""
31.01.2013;137106,00;649,90;40,56;56,34;"EUR";1;2;10;3;1;"";6,24;6,20;0,00;75,00;"";"F";"";""
21.01.2013;136456,00;626,20;39,45;55,19;"EUR";1;2;10;3;1;"";6,30;6,30;0,00;66,00;"";"F";"";""
10.01.2013;135829,00;659,60;39,10;53,53;"EUR";1;2;10;3;1;"";5,93;6,00;0,00;82,00;"";"F";"";""
31.12.2012;135170,00;739,10;44,83;61,37;"EUR";1;2;10;3;1;"";6,07;6,20;0,00;75,00;"";"F";"";""
16.12.2012;134430,00;406,00;26,08;35,44;"EUR";1;2;10;3;1;"";6,42;6,10;0,00;55,00;"";"F";"";""
05.12.2012;134024,00;526,30;32,07;45,19;"EUR";1;2;10;3;1;"";6,09;5,60;0,00;63,00;"";"F";"";""
26.11.2012;133498,00;698,80;41,52;61,82;"EUR";1;2;10;3;1;"";5,94;5,90;0,00;60,00;"";"F";"";""
11.11.2012;132799,00;671,30;40,98;61,43;"EUR";1;2;10;3;1;"";6,10;5,90;0,00;58,00;"";"F";"";""
30.10.2012;132128,00;715,00;41,11;60,80;"EUR";1;2;10;3;1;"";5,75;5,80;0,00;60,00;"";"F";"";""
20.10.2012;131413,00;663,70;40,49;59,88;"EUR";1;1;10;3;1;"";6,10;6,00;0,00;66,00;"";"F";"";""
08.10.2012;130750,00;708,60;40,03;59,60;"EUR";1;1;10;3;1;"";5,65;5,60;0,00;62,00;"";"F";"";""
24.09.2012;130041,00;682,40;45,24;64,65;"EUR";1;1;10;3;1;"meist 130-150 km/h";6,63;6,20;0,00;109,00;"";"F";"";""
22.09.2012;129359,00;588,90;35,02;49,38;"EUR";1;1;10;3;1;"Hochgebirge";5,95;5,80;0,00;53,00;"";"F";"";""
18.09.2012;128769,00;704,30;40,64;57,30;"EUR";1;1;10;3;1;"Hochgebirge";5,77;5,60;0,00;0,00;"";"F";"";""
14.09.2012;128065,00;574,10;32,46;43,59;"EUR";1;1;10;1;1;"";5,65;5,30;0,00;66,00;"";"F";"";""
12.09.2012;127490,00;641,90;40,61;61,73;"EUR";1;1;10;2;1;"";6,33;6,10;0,00;80,00;"";"F";"";""
04.09.2012;126849,00;741,00;42,35;64,33;"EUR";1;1;10;3;1;"";5,72;5,80;0,00;66,00;"";"";"";""
22.08.2012;126108,00;648,00;40,23;59,90;"EUR";1;1;10;3;1;"";6,21;0,00;0,00;0,00;"";"";"";""
12.08.2012;125460,00;647,00;37,42;56,09;"EUR";1;1;10;3;1;"";5,78;0,00;0,00;69,00;"";"";"";""
05.08.2012;124813,00;684,20;44,74;64,38;"EUR";1;1;10;3;1;"";6,54;6,10;0,00;76,00;"";"";"";""
26.07.2012;124129,00;798,50;42,65;60,95;"EUR";1;1;10;3;1;"";5,34;5,60;0,00;77,00;"";"";"";""
12.07.2012;123329,00;255,30;16,82;25,04;"EUR";1;1;10;3;1;"";6,59;5,60;0,00;0,00;"";"";"";""
12.07.2012;123074,00;586,90;37,06;51,85;"EUR";1;1;10;3;1;"";6,31;5,80;0,00;0,00;"";"";"";""
12.07.2012;122487,00;517,60;33,18;46,09;"EUR";1;1;10;3;1;"";6,41;6,20;0,00;0,00;"";"";"";""
11.07.2012;121969,00;536,10;32,43;43,62;"EUR";1;1;10;3;1;"";6,05;0,00;0,00;0,00;"";"";"";""
05.07.2012;121433,00;788,50;43,58;59,66;"EUR";1;1;10;2;1;"";5,53;0,00;0,00;0,00;"";"";"";""
22.06.2012;120644,00;828,00;43,07;58,10;"EUR";1;1;10;1;1;"";5,20;5,10;0,00;62,00;"";"";"";""
10.06.2012;119816,00;661,90;38,38;55,80;"EUR";1;1;10;2;1;"";5,80;5,40;0,00;86,00;"";"";"";""
09.06.2012;119154,00;640,00;35,85;49,47;"EUR";1;1;10;2;1;"";5,60;5,40;0,00;54,00;"";"";"";""
07.06.2012;118514,00;638,50;38,01;0,00;"EUR";1;1;10;2;1;"nur Korsika";5,95;5,70;0,00;47,00;"";"";"";""
03.06.2012;117876,00;563,80;32,94;47,43;"EUR";1;1;10;2;1;"";5,84;5,70;0,00;57,00;"";"";"";""
26.05.2012;117312,00;763,00;42,20;57,39;"EUR";1;1;10;3;1;"";5,53;0,00;0,00;0,00;"";"";"";""
22.05.2012;116549,00;797,60;43,35;65,03;"EUR";1;1;10;3;1;"";5,44;5,30;0,00;89,00;"";"";"";""
19.05.2012;115752,00;554,20;28,64;40,07;"EUR";1;1;10;3;1;"";5,17;5,20;0,00;62,00;"";"";"";""
06.05.2012;115197,00;872,00;46,21;70,66;"EUR";1;1;10;3;1;"";5,30;5,10;0,00;66,00;"";"";"";""
23.04.2012;114325,00;561,10;31,01;44,62;"EUR";1;2;10;3;1;"";5,53;5,20;0,00;61,00;"";"";"";""
23.04.2012;113764,00;595,70;31,99;46,99;"EUR";1;2;10;3;1;"";5,37;5,30;0,00;65,00;"";"";"";""
01.04.2012;113168,00;663,00;39,75;48,74;"EUR";1;2;10;3;1;"";6,00;5,70;0,00;74,00;"";"";"";""
22.03.2012;112505,00;717,00;40,63;60,50;"EUR";1;2;10;3;1;"";5,67;5,80;0,00;0,00;"";"";"";""
11.03.2012;111789,00;781,20;45,40;68,05;"EUR";1;2;10;3;1;"";5,81;5,60;0,00;70,00;"";"";"";""
03.03.2012;111008,00;746,00;40,85;62,87;"EUR";1;2;10;3;1;"";5,48;5,60;0,00;64,00;"";"";"";""
18.02.2012;110262,00;715,00;42,33;63,03;"EUR";1;2;10;2;1;"";5,92;5,90;0,00;0,00;"";"";"";""
11.02.2012;109547,00;478,20;30,59;43,71;"EUR";1;2;10;2;1;"";6,40;0,00;0,00;0,00;"";"";"";""
05.02.2012;109069,00;696,40;42,53;60,78;"EUR";1;2;10;3;1;"";6,11;5,90;0,00;62,00;"";"";"";""
24.01.2012;108372,00;709,30;38,52;53,89;"EUR";1;2;10;2;1;"";5,43;5,70;0,00;62,00;"";"D";"";""
15.01.2012;107662,00;772,00;45,33;65,23;"EUR";1;2;10;2;1;"";5,87;5,60;0,00;60,00;"";"D";"";""
01.01.2012;106890,00;706,60;41,22;56,43;"EUR";1;2;10;2;1;"viel Stau";5,83;5,80;0,00;57,00;"";"D";"";""
18.12.2011;106184,00;565,00;30,45;40,77;"EUR";1;2;10;2;1;"";5,39;5,30;0,00;68,00;"";"D";"";""
11.12.2011;105619,00;501,60;29,70;40,36;"EUR";1;2;10;2;1;"";5,92;5,70;0,00;55,00;"";"D";"";""
30.11.2011;105117,00;729,00;41,18;59,26;"EUR";1;2;10;2;1;"";5,65;5,60;0,00;62,00;"";"D";"";""
22.11.2011;104388,00;728,20;42,52;62,04;"EUR";1;2;10;2;1;"viel Stau";5,84;5,70;0,00;57,00;"";"D";"";""
11.11.2011;103658,00;721,40;40,99;58,57;"EUR";1;2;10;2;1;"";5,68;5,50;0,00;54,00;"";"D";"";""
30.10.2011;102937,00;551,90;32,39;44,34;"EUR";1;3;10;2;1;"DPF-Filter-Reinigungsanzeige ging an";5,87;5,80;0,00;54,00;"";"D";"";""
18.10.2011;102385,00;760,20;42,76;59,82;"EUR";1;1;10;2;1;"";5,62;5,40;0,00;64,00;"";"D";"";""
07.10.2011;101625,00;782,30;42,53;61,63;"EUR";1;1;10;2;1;"";5,44;5,40;0,00;54,00;"";"D";"";""
25.09.2011;100842,00;790,20;43,53;60,90;"EUR";1;1;10;2;1;"";5,51;5,40;0,00;61,00;"";"D";"";""
11.09.2011;100052,00;688,90;38,14;51,45;"EUR";1;1;10;2;1;"2 Wochen Stillstand
sehr voll getankt";5,54;5,30;0,00;56,00;"";"D";"";""
14.08.2011;99363,00;759,60;42,09;54,67;"EUR";1;1;10;2;1;"";5,54;5,50;0,00;61,00;"";"D";"";""
03.08.2011;98604,00;793,80;43,55;60,06;"EUR";1;1;10;2;1;"";5,49;5,50;0,00;65,00;"";"D";"";""
23.07.2011;97810,00;765,30;43,15;62,52;"EUR";1;1;10;2;1;"";5,64;5,30;0,00;63,00;"";"D";"";""
10.07.2011;97045,00;787,60;40,95;55,24;"EUR";1;1;10;2;1;"";5,20;5,20;0,00;63,00;"";"D";"";""
25.06.2011;96257,00;726,10;40,00;53,96;"EUR";1;1;10;2;1;"";5,51;5,20;0,00;65,00;"";"D";"";""
15.06.2011;95531,00;836,10;44,23;64,09;"EUR";1;1;10;2;1;"";5,29;5,10;0,00;70,00;"";"D";"";""
29.05.2011;94695,00;806,10;42,33;59,64;"EUR";1;1;10;2;1;"";5,25;5,20;0,00;65,00;"";"D";"";""
16.05.2011;93888,00;813,50;41,73;57,55;"EUR";1;1;10;1;1;"";5,13;5,10;0,00;61,00;"";"D";"";""
01.05.2011;93075,00;775,60;43,11;62,47;"EUR";1;1;2;1;1;"";5,56;5,10;0,00;64,00;"";"D";"";""
17.04.2011;92299,00;847,80;43,12;59,89;"EUR";1;2;2;1;1;"sehr voll getankt";5,09;5,10;0,00;62,00;"";"D";"";""
03.04.2011;91451,00;758,50;41,55;57,71;"EUR";1;2;2;2;1;"";5,48;5,20;0,00;61,00;"";"D";"";""
17.03.2011;90693,00;741,30;42,58;60,85;"EUR";1;2;2;2;1;"";5,74;5,50;0,00;68,00;"";"D";"";""
04.03.2011;89951,00;749,30;40,29;57,98;"EUR";1;2;2;1;1;"";5,38;5,50;0,00;60,00;"";"D";"";""
20.02.2011;89202,00;760,00;42,58;57,01;"EUR";1;2;2;1;1;"";5,60;5,20;0,00;70,00;"";"D";"";""
11.02.2011;88442,00;777,60;42,15;58,55;"EUR";1;2;2;1;1;"";5,42;5,50;0,00;63,00;"";"D";"";""
29.01.2011;87668,00;809,60;44,93;58,36;"EUR";1;2;2;1;1;"";5,55;5,30;0,00;65,00;"";"D";"";""
18.01.2011;86859,00;769,80;40,56;53,90;"EUR";1;2;2;1;1;"";5,27;5,20;0,00;63,00;"";"D";"";""
06.01.2011;86089,00;690,00;41,87;55,23;"EUR";1;2;2;2;1;"";6,07;6,10;0,00;69,00;"";"D";"";""
23.12.2010;85399,00;556,70;32,25;43,18;"EUR";1;2;2;2;1;"Frost, Schnee, Stau";5,79;5,90;0,00;56,00;"";"D";"";""
13.12.2010;84842,00;670,20;40,58;53,93;"EUR";1;2;2;1;1;"Glätte, Frost, Stau";6,05;5,80;0,00;53,00;"";"D";"";""
01.12.2010;84171,00;738,50;40,14;50,54;"EUR";1;2;2;2;1;"Frost";5,44;5,40;0,00;60,00;"";"D";"";""
22.11.2010;83432,00;834,70;44,32;55,80;"EUR";1;2;2;2;1;"";5,31;5,20;0,00;60,00;"";"D";"";""
09.11.2010;82598,00;806,00;42,35;50,78;"EUR";1;2;2;2;1;"Viel Stau";5,25;5,10;0,00;62,00;"";"D";"";""
28.10.2010;81792,00;729,90;41,22;49,42;"EUR";1;2;2;2;1;"";5,65;5,30;0,00;67,00;"";"D";"";""
16.10.2010;81062,00;813,90;42,99;51,12;"EUR";1;3;2;2;1;"viel Stau und Regen; 10°C";5,28;5,10;0,00;68,00;"";"D";"";""
07.10.2010;80248,00;785,30;42,97;51,52;"EUR";1;1;2;2;1;"";5,47;5,50;0,00;62,00;"";"D";"";""
26.09.2010;79463,00;768,90;44,97;53,02;"EUR";1;1;2;3;1;"";5,85;5,70;0,00;83,00;"";"D";"";""
21.09.2010;78694,00;729,70;44,39;49,67;"EUR";1;1;2;3;1;"";6,08;5,70;0,00;98,00;"";"D";"";""
20.09.2010;77964,00;620,00;35,90;40,03;"EUR";1;1;2;3;1;"";5,79;0,00;0,00;0,00;"";"D";"";""
18.09.2010;77344,00;421,00;22,87;25,68;"EUR";1;1;2;3;1;"";5,43;4,90;0,00;89,00;"";"D";"";""
17.09.2010;76923,00;753,40;41,52;45,46;"EUR";1;1;2;3;1;"Regen
Meldung \"DPF-Reinigen\"";5,51;5,30;0,00;72,00;"";"D";"";""
13.09.2010;76170,00;771,10;42,49;45,89;"EUR";1;1;2;3;1;"";5,51;5,40;0,00;57,00;"";"D";"";""
13.09.2010;75399,00;668,70;36,11;39,00;"EUR";1;1;2;3;1;"sehr voll";5,40;5,00;0,00;64,00;"";"D";"";""
11.09.2010;74730,00;774,50;41,63;44,96;"EUR";1;1;2;3;1;"";5,38;5,30;0,00;60,00;"";"D";"";""
06.09.2010;73955,00;726,70;40,13;43,50;"EUR";1;1;2;3;1;"";5,52;5,10;0,00;64,00;"";"D";"";""
03.09.2010;73229,00;701,50;39,06;44,10;"EUR";1;1;2;3;1;"";5,57;5,40;0,00;80,00;"";"D";"";""
02.09.2010;72527,00;755,60;41,52;0,00;"EUR";1;1;2;3;1;"";5,49;5,20;0,00;72,00;"";"D";"";""
23.08.2010;71771,00;841,50;44,00;53,20;"EUR";1;1;2;3;1;"viel Stau, teils schnell";5,23;5,10;0,00;74,00;"";"D";"";""
13.08.2010;70930,00;911,70;45,67;55,22;"EUR";1;1;2;1;1;"ca. 20°, meist trocken
ziemlich voll getankt";5,01;4,70;0,00;72,00;"";"D";"";""
29.07.2010;70018,00;910,60;44,13;51,59;"EUR";1;1;2;1;1;"";4,85;4,70;0,00;74,00;"";"D";"";""
18.07.2010;69107,00;831,10;41,54;48,14;"EUR";1;1;2;1;1;"sehr voll
heiß, viel Klimaanlage";5,00;4,80;0,00;70,00;"";"D";"";""
04.07.2010;68276,00;447,20;22,65;26,70;"EUR";1;1;2;1;1;"";5,06;4,90;0,00;69,00;"";"D";"";""
28.06.2010;67829,00;755,90;44,40;55,90;"EUR";1;1;2;2;1;"";5,87;5,50;0,00;82,00;"";"D";"";""
25.06.2010;67073,00;738,10;43,88;53,10;"EUR";1;1;2;2;1;"Alpen";5,94;5,90;0,00;63,00;"";"D";"";""
23.06.2010;66335,00;481,10;29,37;34,30;"EUR";1;1;2;2;1;"Alpen";6,10;5,70;0,00;56,00;"";"D";"";""
21.06.2010;65854,00;780,70;42,37;52,50;"EUR";1;1;2;2;1;"Bremse defekt";5,43;5,30;0,00;62,00;"";"D";"";""
18.06.2010;65073,00;670,50;36,38;46,57;"EUR";1;1;2;1;1;"Bremse defekt";5,43;5,10;0,00;78,00;"";"D";"";""
16.06.2010;64403,00;624,00;40,76;49,69;"EUR";1;1;2;3;1;"Bremse defekt!
20°, meist ca. 150 km/h";6,53;6,40;0,00;86,00;"";"D";"";""
15.06.2010;63779,00;722,00;44,48;54,67;"EUR";1;1;2;2;1;"Bremse defekt!";6,16;5,80;0,00;77,00;"";"D";"";""
05.06.2010;63057,00;696,40;41,59;48,20;"EUR";1;1;2;2;1;"";5,97;5,40;0,00;68,00;"";"D";"";""
25.05.2010;62361,00;552,50;28,52;32,20;"EUR";1;1;2;2;1;"";5,16;5,10;0,00;68,00;"";"D";"";""
17.05.2010;61808,00;692,30;37,57;43,92;"EUR";1;1;2;2;1;"viel Stau
5°-15°
z.T. Regen";5,43;5,50;0,00;67,00;"";"D";"";""
07.05.2010;61116,00;806,50;45,60;56,04;"EUR";1;1;2;1;1;"viel Stau
ca. 5-15°";5,65;5,30;0,00;57,00;"";"D";"";""
25.04.2010;60310,00;841,20;43,62;52,52;"EUR";1;1;2;1;1;"trocken, 10-20°, viel Stau";5,19;5,20;0,00;66,00;"";"D";"";""
14.04.2010;59468,00;573,60;30,58;37,89;"EUR";1;2;2;1;1;"viel Stau, ca. 10°";5,33;5,00;0,00;67,00;"";"D";"";""
05.04.2010;58895,00;841,40;42,84;51,37;"EUR";1;2;2;1;1;"ca. 10°";5,09;4,90;0,00;73,00;"";"D";"";""
25.03.2010;58054,00;869,60;42,98;48,52;"EUR";1;2;2;1;1;"viel Stau
5-15° C
Tank nur fast voll";4,94;5,00;0,00;64,00;"";"D";"";""
14.03.2010;57183,00;833,60;44,69;53,58;"EUR";1;2;2;2;1;"";5,36;5,40;0,00;67,00;"";"D";"";""
06.03.2010;56350,00;659,80;38,09;42,62;"EUR";1;2;2;2;1;"viel Stau und Landstraße, kühl, 0°-5°";5,77;5,40;0,00;59,00;"";"D";"";""
26.02.2010;55690,00;770,70;43,79;50,31;"EUR";1;2;2;2;1;"";5,68;5,60;0,00;68,00;"";"D";"";""
16.02.2010;54919,00;733,10;40,52;44,13;"EUR";1;2;2;2;1;"Stau, Schnee, Frost, -5°";5,53;5,70;0,00;65,00;"";"D";"";""
06.02.2010;54186,00;781,20;44,55;48,51;"EUR";1;2;2;1;1;"Frost, teilweise schnell";5,70;5,60;0,00;64,00;"";"D";"";""
25.01.2010;53405,00;755,00;40,67;43,48;"EUR";1;2;2;1;1;"Regen, Schnee, ca. 0°";5,39;5,20;0,00;60,00;"";"D";"";""
18.01.2010;52650,00;525,20;26,54;28,90;"EUR";1;2;2;1;1;"Schnee, -5° bis +3°";5,05;5,30;0,00;70,00;"";"D";"";""
07.01.2010;52124,00;814,30;43,42;51,19;"EUR";1;2;2;2;1;"-10°-0°
teilweise regnerisch";5,33;5,30;0,00;71,00;"";"D";"";""
22.12.2009;51310,00;748,50;43,54;48,72;"EUR";1;2;2;2;1;"bis zu -16°";5,82;5,60;0,00;66,00;"";"D";"";""
10.12.2009;50562,00;808,70;42,39;47,86;"EUR";1;2;2;1;1;"viel Stau, Regen, 5°-10°";5,24;5,00;0,00;63,00;"";"D";"";""
29.11.2009;49753,00;590,00;31,89;33,77;"EUR";1;2;2;1;1;"viel Stau
viel Regen
sehr voll getankt";5,41;5,30;0,00;62,00;"";"D";"";""
22.11.2009;49163,00;828,10;39,54;43,06;"EUR";1;2;2;1;1;"viel Stau
viel Regen, 10°C
sehr voll getankt";4,77;4,90;0,00;64,00;"";"D";"";""
12.11.2009;48335,00;791,90;45,00;51,26;"EUR";1;3;2;2;1;"5-10°, regnerisch, viel Stau";5,68;5,30;0,00;63,00;"";"D";"";""
02.11.2009;47543,00;716,70;42,04;46,20;"EUR";1;1;2;2;1;"ca. 5-10°, oft regnerisch";5,87;5,60;0,00;67,00;"";"D";"";""
22.10.2009;46826,00;845,50;42,00;47,42;"EUR";1;1;2;1;1;"ca 0°-12°";4,97;4,90;0,00;72,00;"";"D";"";""
11.10.2009;45980,00;869,80;44,44;47,51;"EUR";1;1;2;1;1;"ca. 15°, teils Regen";5,11;4,80;0,00;68,00;"";"D";"";""
27.09.2009;45110,00;829,50;41,30;43,32;"EUR";1;1;2;1;1;"";4,98;5,00;0,00;66,00;"";"D";"";""
15.09.2009;44281,00;472,60;26,40;27,96;"EUR";1;1;2;1;1;"";5,59;5,00;0,00;80,00;"";"D";"";""
13.09.2009;43808,00;736,70;40,31;41,28;"EUR";1;1;2;2;1;"nur Hochgebirge";5,47;5,40;0,00;45,00;"";"A";"";""
03.09.2009;43071,00;665,30;36,37;36,04;"EUR";1;1;2;2;1;"evtl. übergelaufen?";5,47;5,10;0,00;81,00;"";"A";"";""
01.09.2009;42406,00;393,30;19,57;22,10;"EUR";1;1;2;2;1;"Umstieg auf Rial Campo + Goodyear Optigrip 205R16";4,98;5,10;0,00;58,00;"";"D";"";""
26.08.2009;42013,00;892,10;44,17;49,87;"EUR";1;1;2;1;1;"";4,95;4,70;0,00;69,00;"";"D";"";""
16.08.2009;41121,00;767,60;37,21;39,78;"EUR";1;1;2;1;1;"sehr voll getankt";4,85;4,50;0,00;72,00;"";"D";"";""
05.08.2009;40353,00;880,00;42,07;44,97;"EUR";1;1;2;1;1;"sehr voll getankt";4,78;4,70;0,00;65,00;"";"D";"";""
22.07.2009;39473,00;904,50;45,00;49,01;"EUR";1;1;2;1;1;"";4,98;4,70;0,00;65,00;"";"D";"";""
10.07.2009;38568,00;859,80;41,85;44,74;"EUR";1;1;2;1;1;"";4,87;4,70;0,00;68,00;"";"D";"";""
26.06.2009;37708,00;902,20;44,49;48,45;"EUR";1;1;10;2;1;"teilweise schnell (150-180)
nicht ganz voll getankt";4,93;4,90;0,00;67,00;"";"D";"";""
13.06.2009;36806,00;866,70;44,43;48,83;"EUR";1;1;10;2;1;"";5,13;4,90;0,00;70,00;"";"D";"";""
01.06.2009;35939,00;750,00;37,04;38,48;"EUR";1;1;10;1;1;"";4,94;4,70;0,00;65,00;"";"D";"";""
22.05.2009;35189,00;584,10;31,58;32,50;"EUR";1;1;8;1;1;"";5,41;5,30;0,00;68,00;"";"D";"";""
12.05.2009;34605,00;813,00;45,25;47,01;"EUR";1;1;2;2;1;"";5,57;5,10;0,00;66,00;"";"D";"";""
28.04.2009;33792,00;658,60;35,70;36,74;"EUR";1;1;2;2;1;"";5,42;5,70;0,00;63,00;"";"D";"";""
18.04.2009;33133,00;920,40;46,36;47,24;"EUR";1;2;2;1;1;"";5,04;4,60;0,00;72,00;"";"D";"";""
06.04.2009;32213,00;859,20;43,33;44,15;"EUR";1;2;2;1;1;"";5,04;4,90;0,00;72,00;"";"D";"";""
25.03.2009;31354,00;815,40;42,75;43,56;"EUR";1;2;2;1;1;"";5,24;5,30;0,00;72,00;"";"D";"";""
14.03.2009;30538,00;778,30;41,00;40,14;"EUR";1;2;2;1;1;"";5,27;5,10;0,00;70,00;"";"F";"";""
06.03.2009;29760,00;793,20;43,69;44,96;"EUR";1;2;2;1;1;"";5,51;5,20;0,00;69,00;"";"F";"";""
22.02.2009;28967,00;384,70;18,30;17,55;"EUR";1;2;2;1;1;"";4,76;5,20;0,00;67,00;"";"F";"";""
16.02.2009;28582,00;726,00;42,76;43,14;"EUR";1;2;2;2;1;"";5,89;5,50;0,00;68,00;"";"F";"";""
08.02.2009;27856,00;585,00;32,55;32,84;"EUR";1;2;2;2;1;"";5,56;5,50;0,00;69,00;"";"F";"";""
01.02.2009;27271,00;808,20;40,32;41,09;"EUR";1;2;2;2;1;"";4,99;5,20;0,00;70,00;"";"F";"";""
21.01.2009;26463,00;674,70;39,63;40,38;"EUR";1;2;2;2;1;"";5,87;5,70;0,00;63,00;"";"F";"";""
10.01.2009;25788,00;741,40;42,82;45,77;"EUR";1;2;2;2;1;"";5,78;5,60;0,00;69,00;"";"F";"";""
02.01.2009;25046,00;709,10;40,02;38,38;"EUR";1;2;2;2;1;"";5,64;5,70;0,00;88,00;"";"F";"";""
30.12.2008;24337,00;725,40;44,02;47,54;"EUR";1;2;2;2;1;"überwiegend 130 km/h";6,07;5,80;0,00;89,00;"";"F";"";""
26.12.2008;23612,00;481,50;25,01;24,98;"EUR";1;2;10;2;1;"";5,19;5,50;0,00;76,00;"";"D";"";""
20.12.2008;23130,00;714,90;42,27;44,76;"EUR";1;2;2;2;1;"";5,91;5,60;0,00;74,00;"";"D";"";""
10.12.2008;22415,00;739,40;41,03;42,63;"EUR";1;2;2;2;1;"";5,55;5,40;0,00;61,00;"";"D";"";""
01.12.2008;21676,00;566,80;31,97;34,50;"EUR";1;2;2;2;1;"";5,64;5,69;0,00;63,00;"";"D";"";""
22.11.2008;21109,00;770,00;42,31;47,77;"EUR";1;2;2;1;1;"";5,49;5,20;0,00;67,00;"";"D";"";""
10.11.2008;20339,00;777,70;42,00;50,36;"EUR";1;2;2;1;1;"";5,40;5,40;0,00;66,00;"";"D";"";""
01.11.2008;19561,00;513,80;27,74;32,71;"EUR";1;3;2;1;1;"";5,40;5,10;0,00;64,00;"";"D";"";""
25.10.2008;19047,00;737,00;43,39;52,89;"EUR";1;1;2;3;1;"";5,89;5,60;0,00;66,00;"";"D";"";""
15.10.2008;18310,00;585,60;29,24;35,94;"EUR";1;1;2;1;1;"";4,99;4,80;0,00;70,00;"";"D";"";""
07.10.2008;17724,00;776,60;40,83;54,67;"EUR";1;1;2;2;1;"";5,26;5,20;0,00;67,00;"";"D";"";""
29.09.2008;16948,00;792,50;43,99;57,58;"EUR";1;1;2;3;1;"";5,55;5,40;0,00;73,00;"";"D";"";""
21.09.2008;16155,00;733,30;41,36;55,79;"EUR";1;1;2;3;1;"";5,64;5,30;0,00;68,00;"";"D";"";""
10.09.2008;15422,00;804,50;41,87;57,32;"EUR";1;1;2;2;1;"";5,20;5,00;0,00;68,00;"";"D";"";""
29.08.2008;14617,00;886,50;43,05;57,21;"EUR";1;1;2;1;1;"";4,86;4,80;0,00;72,00;"";"D";"";""
17.08.2008;13731,00;851,30;43,16;56,50;"EUR";1;1;2;1;1;"";5,07;4,90;0,00;66,00;"";"D";"";""
05.08.2008;12879,00;852,40;44,87;64,12;"EUR";1;1;2;1;1;"";5,26;5,00;0,00;73,00;"";"D";"";""
25.07.2008;12027,00;654,80;32,51;45,48;"EUR";1;1;2;1;1;"";4,96;5,00;0,00;77,00;"";"D";"";""
16.07.2008;11372,00;492,90;26,35;38,71;"EUR";1;1;2;1;1;"";5,35;4,90;0,00;70,00;"";"D";"";""
07.07.2008;10879,00;780,50;43,36;63,70;"EUR";1;1;2;2;1;"";5,56;5,40;0,00;80,00;"";"D";"";""
29.06.2008;10099,00;197,40;8,65;13,40;"EUR";1;1;2;2;1;"konstant 100 km/h";4,38;4,60;0,00;86,00;"";"F";"";""
29.06.2008;9901,00;655,10;37,44;55,79;"EUR";1;1;2;2;1;"Autobahn konstant 100 km/h - Messfehler?";5,72;5,10;0,00;79,00;"";"F";"";""
28.06.2008;9245,00;582,40;32,05;44,84;"EUR";1;1;10;2;1;"Bergpässe";5,50;5,50;0,00;50,00;"";"F";"Provence-Alpes-Côte d'Azur";""
25.06.2008;8663,00;687,00;40,74;57,61;"EUR";1;1;8;2;1;"Bergpässe";5,93;5,60;0,00;51,00;"";"F";"Korsika";""
21.06.2008;7976,00;690,40;41,94;62,49;"EUR";1;1;8;2;1;"Bergpässe";6,07;5,80;0,00;47,00;"";"F";"Korsika";""
18.06.2008;7285,00;730,60;41,64;60,38;"EUR";1;1;8;2;1;"Bergpässe";5,70;5,40;0,00;45,00;"";"F";"Korsika";""
12.06.2008;6555,00;678,80;40,21;58,32;"EUR";1;1;8;2;1;"Bergpässe";5,92;5,50;0,00;47,00;"";"F";"Korsika";""
08.06.2008;5876,00;649,80;35,63;53,80;"EUR";1;1;8;2;1;"Bergpässe";5,48;5,40;0,00;48,00;"";"F";"Korsika";""
03.06.2008;5226,00;478,80;27,94;41,88;"EUR";1;1;10;1;1;"110 km/h";5,84;5,20;0,00;57,00;"";"F";"";""
02.06.2008;4747,00;551,60;29,48;42,13;"EUR";1;1;2;2;1;"";5,34;5,70;0,00;81,00;"";"F";"";""
01.06.2008;4195,00;676,00;41,51;66,00;"EUR";1;1;10;2;1;"";6,14;5,90;0,00;83,00;"";"";"";""
29.05.2008;3519,00;681,70;38,89;57,91;"EUR";1;1;10;2;1;"";5,70;5,50;0,00;72,00;"";"";"";""
19.05.2008;2837,00;450,90;22,38;31,98;"EUR";1;1;10;1;1;"vMax 115 km/h";4,96;5,10;0,00;75,00;"";"";"";""
14.05.2008;2386,00;553,30;31,65;46,18;"EUR";1;1;10;2;1;"";5,72;5,50;0,00;70,00;"";"";"";""
08.05.2008;1833,00;554,40;31,14;43,25;"EUR";1;1;10;1;1;"";5,62;5,70;0,00;69,00;"";"";"";""
03.05.2008;1278,00;586,20;35,12;47,73;"EUR";1;1;10;2;1;"";5,99;5,70;0,00;80,00;"";"";"";""
25.04.2008;692,00;670,00;39,77;54,05;"EUR";1;1;10;2;1;"";5,94;6,40;0,00;60,00;"";"";"";""
18.04.2008;20,00;0,00;51,44;69,39;"EUR";3;1;0;2;1;"";0,00;0,00;0,00;0,00;"";"";"";""